{
  "DIM": [
    640,
    480
  ],
  "K": [
    [
      510.02904573020135,
      0.0,
      263.0317530718527
    ],
    [
      0.0,
      509.0654512480136,
      195.13538414706917
    ],
    [
      0.0,
      0.0,
      1.0
    ]
  ],
  "D": [
    [
      0.10768690741978285
    ],
    [
      0.1302694020642326
    ],
    [
      -1.198695351884587
    ],
    [
      1.4520532216539979
    ]
  ]
}